nom_fichier,emplacement
rapport_trimestriel.docx,administration
contrat_emploi.pdf,administration
image_vacances.jpg,administration
contrat_emploi.pdf,administration
contrat_emploi.pdf,information_employé
presentation_vacances.pptx,information_employé
image_vacances.jpg,présentations
image_vacances.jpg,factures_2021
image_vacances.jpg,administration
contrat_emploi.pdf,présentations
rapport_trimestriel.docx,factures_2021
image_vacances.jpg,images
contrat_emploi.pdf,information_employé
presentation_vacances.pptx,factures_2021
rapport_trimestriel.docx,images
presentation_vacances.pptx,factures_2021
rapport_trimestriel.docx,information_employé
contrat_emploi.pdf,information_employé
facture_EDF_2021.pdf,présentations
rapport_trimestriel.docx,administration
presentation_vacances.pptx,factures_2021
contrat_emploi.pdf,factures_2021
rapport_trimestriel.docx,images
facture_EDF_2021.pdf,information_employé
facture_EDF_2021.pdf,factures_2021
image_vacances.jpg,information_employé
image_vacances.jpg,factures_2021
presentation_vacances.pptx,présentations
rapport_trimestriel.docx,administration
rapport_trimestriel.docx,factures_2021
image_vacances.jpg,information_employé
rapport_trimestriel.docx,présentations
rapport_trimestriel.docx,factures_2021
facture_EDF_2021.pdf,images
image_vacances.jpg,administration
contrat_emploi.pdf,factures_2021
image_vacances.jpg,présentations
contrat_emploi.pdf,images
facture_EDF_2021.pdf,présentations
presentation_vacances.pptx,présentations
rapport_trimestriel.docx,images
facture_EDF_2021.pdf,présentations
rapport_trimestriel.docx,images
presentation_vacances.pptx,factures_2021
presentation_vacances.pptx,images
facture_EDF_2021.pdf,images
presentation_vacances.pptx,administration
contrat_emploi.pdf,images
presentation_vacances.pptx,images
rapport_trimestriel.docx,factures_2021
rapport_trimestriel.docx,administration
rapport_trimestriel.docx,information_employé
rapport_trimestriel.docx,factures_2021
contrat_emploi.pdf,factures_2021
image_vacances.jpg,information_employé
facture_EDF_2021.pdf,images
rapport_trimestriel.docx,présentations
presentation_vacances.pptx,administration
rapport_trimestriel.docx,présentations
presentation_vacances.pptx,information_employé
presentation_vacances.pptx,factures_2021
rapport_trimestriel.docx,factures_2021
contrat_emploi.pdf,administration
presentation_vacances.pptx,factures_2021
presentation_vacances.pptx,factures_2021
rapport_trimestriel.docx,administration
presentation_vacances.pptx,administration
presentation_vacances.pptx,information_employé
rapport_trimestriel.docx,factures_2021
rapport_trimestriel.docx,factures_2021
facture_EDF_2021.pdf,information_employé
contrat_emploi.pdf,images
contrat_emploi.pdf,images
presentation_vacances.pptx,images
contrat_emploi.pdf,information_employé
presentation_vacances.pptx,factures_2021
facture_EDF_2021.pdf,information_employé
rapport_trimestriel.docx,information_employé
rapport_trimestriel.docx,images
rapport_trimestriel.docx,présentations
contrat_emploi.pdf,factures_2021
facture_EDF_2021.pdf,images
contrat_emploi.pdf,présentations
contrat_emploi.pdf,présentations
facture_EDF_2021.pdf,administration
facture_EDF_2021.pdf,factures_2021
facture_EDF_2021.pdf,présentations
facture_EDF_2021.pdf,images
rapport_trimestriel.docx,administration
image_vacances.jpg,factures_2021
image_vacances.jpg,information_employé
facture_EDF_2021.pdf,images
image_vacances.jpg,présentations
image_vacances.jpg,présentations
facture_EDF_2021.pdf,images
image_vacances.jpg,présentations
contrat_emploi.pdf,administration
presentation_vacances.pptx,factures_2021
presentation_vacances.pptx,administration
facture_EDF_2021.pdf,présentations
rapport_trimestriel.docx,information_employé
facture_EDF_2021.pdf,factures_2021
rapport_trimestriel.docx,factures_2021
presentation_vacances.pptx,images
facture_EDF_2021.pdf,images
contrat_emploi.pdf,information_employé
image_vacances.jpg,factures_2021
rapport_trimestriel.docx,information_employé
image_vacances.jpg,images
image_vacances.jpg,images
facture_EDF_2021.pdf,factures_2021
image_vacances.jpg,administration
contrat_emploi.pdf,présentations
image_vacances.jpg,images
facture_EDF_2021.pdf,images
contrat_emploi.pdf,administration
presentation_vacances.pptx,administration
image_vacances.jpg,information_employé
facture_EDF_2021.pdf,information_employé
presentation_vacances.pptx,présentations
presentation_vacances.pptx,présentations
rapport_trimestriel.docx,factures_2021
contrat_emploi.pdf,information_employé
image_vacances.jpg,images
facture_EDF_2021.pdf,information_employé
rapport_trimestriel.docx,images
contrat_emploi.pdf,administration
rapport_trimestriel.docx,information_employé
contrat_emploi.pdf,administration
contrat_emploi.pdf,présentations
image_vacances.jpg,présentations
contrat_emploi.pdf,factures_2021
rapport_trimestriel.docx,information_employé
contrat_emploi.pdf,administration
image_vacances.jpg,images
image_vacances.jpg,présentations
rapport_trimestriel.docx,présentations
presentation_vacances.pptx,images
presentation_vacances.pptx,administration
contrat_emploi.pdf,administration
facture_EDF_2021.pdf,information_employé
contrat_emploi.pdf,information_employé
rapport_trimestriel.docx,factures_2021
rapport_trimestriel.docx,présentations
rapport_trimestriel.docx,information_employé
rapport_trimestriel.docx,administration
rapport_trimestriel.docx,images
image_vacances.jpg,administration
presentation_vacances.pptx,présentations
rapport_trimestriel.docx,administration
facture_EDF_2021.pdf,factures_2021
facture_EDF_2021.pdf,présentations
facture_EDF_2021.pdf,images
facture_EDF_2021.pdf,factures_2021
image_vacances.jpg,présentations
facture_EDF_2021.pdf,images
rapport_trimestriel.docx,factures_2021
contrat_emploi.pdf,factures_2021
facture_EDF_2021.pdf,présentations
image_vacances.jpg,information_employé
image_vacances.jpg,factures_2021
facture_EDF_2021.pdf,factures_2021
contrat_emploi.pdf,images
facture_EDF_2021.pdf,administration
image_vacances.jpg,présentations
presentation_vacances.pptx,présentations
rapport_trimestriel.docx,information_employé
image_vacances.jpg,information_employé
facture_EDF_2021.pdf,présentations
rapport_trimestriel.docx,information_employé
facture_EDF_2021.pdf,images
facture_EDF_2021.pdf,présentations
presentation_vacances.pptx,information_employé
rapport_trimestriel.docx,présentations
rapport_trimestriel.docx,administration
presentation_vacances.pptx,factures_2021
image_vacances.jpg,présentations
facture_EDF_2021.pdf,factures_2021
contrat_emploi.pdf,information_employé
facture_EDF_2021.pdf,factures_2021
facture_EDF_2021.pdf,présentations
image_vacances.jpg,administration
facture_EDF_2021.pdf,information_employé
presentation_vacances.pptx,présentations
presentation_vacances.pptx,information_employé
rapport_trimestriel.docx,images
contrat_emploi.pdf,factures_2021
facture_EDF_2021.pdf,images
facture_EDF_2021.pdf,présentations
image_vacances.jpg,administration
presentation_vacances.pptx,information_employé
contrat_emploi.pdf,factures_2021
rapport_trimestriel.docx,information_employé
presentation_vacances.pptx,présentations
rapport_trimestriel.docx,information_employé
image_vacances.jpg,factures_2021
image_vacances.jpg,présentations
facture_EDF_2021.pdf,information_employé
contrat_emploi.pdf,administration
rapport_trimestriel.docx,présentations
presentation_vacances.pptx,présentations
image_vacances.jpg,administration
facture_EDF_2021.pdf,images
facture_EDF_2021.pdf,factures_2021
rapport_trimestriel.docx,images
image_vacances.jpg,information_employé
contrat_emploi.pdf,administration
image_vacances.jpg,images
rapport_trimestriel.docx,présentations
rapport_trimestriel.docx,information_employé
image_vacances.jpg,information_employé
rapport_trimestriel.docx,images
image_vacances.jpg,images
presentation_vacances.pptx,administration
image_vacances.jpg,factures_2021
image_vacances.jpg,images
rapport_trimestriel.docx,images
rapport_trimestriel.docx,présentations
facture_EDF_2021.pdf,information_employé
facture_EDF_2021.pdf,factures_2021
presentation_vacances.pptx,présentations
facture_EDF_2021.pdf,administration
image_vacances.jpg,administration
rapport_trimestriel.docx,images
facture_EDF_2021.pdf,images
facture_EDF_2021.pdf,administration
presentation_vacances.pptx,images
presentation_vacances.pptx,factures_2021
image_vacances.jpg,images
rapport_trimestriel.docx,information_employé
presentation_vacances.pptx,images
facture_EDF_2021.pdf,présentations
rapport_trimestriel.docx,factures_2021
rapport_trimestriel.docx,présentations
facture_EDF_2021.pdf,présentations
presentation_vacances.pptx,information_employé
facture_EDF_2021.pdf,factures_2021
rapport_trimestriel.docx,factures_2021
contrat_emploi.pdf,factures_2021
contrat_emploi.pdf,factures_2021
image_vacances.jpg,factures_2021
facture_EDF_2021.pdf,information_employé
facture_EDF_2021.pdf,images
image_vacances.jpg,présentations
image_vacances.jpg,factures_2021
image_vacances.jpg,images
rapport_trimestriel.docx,images
facture_EDF_2021.pdf,présentations
rapport_trimestriel.docx,information_employé
image_vacances.jpg,administration
facture_EDF_2021.pdf,administration
rapport_trimestriel.docx,images
rapport_trimestriel.docx,présentations
image_vacances.jpg,administration
facture_EDF_2021.pdf,images
image_vacances.jpg,information_employé
facture_EDF_2021.pdf,administration
contrat_emploi.pdf,images
presentation_vacances.pptx,images
presentation_vacances.pptx,factures_2021
presentation_vacances.pptx,information_employé
image_vacances.jpg,factures_2021
contrat_emploi.pdf,présentations
facture_EDF_2021.pdf,factures_2021
rapport_trimestriel.docx,factures_2021
facture_EDF_2021.pdf,administration
rapport_trimestriel.docx,images
facture_EDF_2021.pdf,information_employé
contrat_emploi.pdf,factures_2021
rapport_trimestriel.docx,information_employé
image_vacances.jpg,factures_2021
facture_EDF_2021.pdf,présentations
facture_EDF_2021.pdf,factures_2021
rapport_trimestriel.docx,administration
image_vacances.jpg,images
image_vacances.jpg,présentations
contrat_emploi.pdf,factures_2021
image_vacances.jpg,information_employé
image_vacances.jpg,présentations
image_vacances.jpg,présentations
presentation_vacances.pptx,factures_2021
contrat_emploi.pdf,présentations
facture_EDF_2021.pdf,information_employé
rapport_trimestriel.docx,présentations
facture_EDF_2021.pdf,information_employé
contrat_emploi.pdf,factures_2021
rapport_trimestriel.docx,images
contrat_emploi.pdf,présentations
image_vacances.jpg,images
rapport_trimestriel.docx,information_employé
image_vacances.jpg,présentations
facture_EDF_2021.pdf,administration
facture_EDF_2021.pdf,images
rapport_trimestriel.docx,présentations
rapport_trimestriel.docx,images
contrat_emploi.pdf,présentations
contrat_emploi.pdf,factures_2021
image_vacances.jpg,images
rapport_trimestriel.docx,administration
facture_EDF_2021.pdf,administration
contrat_emploi.pdf,information_employé
contrat_emploi.pdf,présentations
facture_EDF_2021.pdf,images
contrat_emploi.pdf,information_employé
image_vacances.jpg,images
rapport_trimestriel.docx,présentations
facture_EDF_2021.pdf,administration
rapport_trimestriel.docx,factures_2021
contrat_emploi.pdf,administration
contrat_emploi.pdf,information_employé
facture_EDF_2021.pdf,factures_2021
image_vacances.jpg,information_employé
presentation_vacances.pptx,présentations
facture_EDF_2021.pdf,factures_2021
presentation_vacances.pptx,information_employé
presentation_vacances.pptx,présentations
image_vacances.jpg,administration
presentation_vacances.pptx,présentations
presentation_vacances.pptx,images
image_vacances.jpg,présentations
presentation_vacances.pptx,présentations
presentation_vacances.pptx,images
presentation_vacances.pptx,information_employé
facture_EDF_2021.pdf,information_employé
facture_EDF_2021.pdf,présentations
facture_EDF_2021.pdf,images
image_vacances.jpg,images
contrat_emploi.pdf,administration
presentation_vacances.pptx,information_employé
presentation_vacances.pptx,factures_2021
image_vacances.jpg,information_employé
presentation_vacances.pptx,information_employé
facture_EDF_2021.pdf,administration
contrat_emploi.pdf,factures_2021
rapport_trimestriel.docx,administration
presentation_vacances.pptx,factures_2021
facture_EDF_2021.pdf,présentations
rapport_trimestriel.docx,factures_2021
contrat_emploi.pdf,administration
rapport_trimestriel.docx,information_employé
facture_EDF_2021.pdf,factures_2021
rapport_trimestriel.docx,factures_2021
image_vacances.jpg,images
rapport_trimestriel.docx,information_employé
presentation_vacances.pptx,présentations
presentation_vacances.pptx,administration
image_vacances.jpg,présentations
facture_EDF_2021.pdf,information_employé
presentation_vacances.pptx,factures_2021
contrat_emploi.pdf,factures_2021
presentation_vacances.pptx,information_employé
presentation_vacances.pptx,factures_2021
facture_EDF_2021.pdf,factures_2021
rapport_trimestriel.docx,factures_2021
presentation_vacances.pptx,administration
image_vacances.jpg,administration
rapport_trimestriel.docx,images
contrat_emploi.pdf,présentations
facture_EDF_2021.pdf,information_employé
contrat_emploi.pdf,information_employé
rapport_trimestriel.docx,information_employé
rapport_trimestriel.docx,images
rapport_trimestriel.docx,administration
contrat_emploi.pdf,images
rapport_trimestriel.docx,information_employé
contrat_emploi.pdf,présentations
rapport_trimestriel.docx,factures_2021
image_vacances.jpg,administration
rapport_trimestriel.docx,administration
contrat_emploi.pdf,images
presentation_vacances.pptx,administration
rapport_trimestriel.docx,information_employé
presentation_vacances.pptx,information_employé
image_vacances.jpg,images
facture_EDF_2021.pdf,information_employé
image_vacances.jpg,présentations
rapport_trimestriel.docx,images
presentation_vacances.pptx,présentations
presentation_vacances.pptx,factures_2021
contrat_emploi.pdf,présentations
presentation_vacances.pptx,factures_2021
contrat_emploi.pdf,factures_2021
facture_EDF_2021.pdf,présentations
rapport_trimestriel.docx,images
contrat_emploi.pdf,information_employé
facture_EDF_2021.pdf,information_employé
presentation_vacances.pptx,factures_2021
presentation_vacances.pptx,factures_2021
facture_EDF_2021.pdf,images
presentation_vacances.pptx,administration
facture_EDF_2021.pdf,présentations
contrat_emploi.pdf,factures_2021
contrat_emploi.pdf,information_employé
facture_EDF_2021.pdf,images
contrat_emploi.pdf,présentations
contrat_emploi.pdf,images
contrat_emploi.pdf,présentations
image_vacances.jpg,présentations
rapport_trimestriel.docx,factures_2021
presentation_vacances.pptx,images
image_vacances.jpg,images
contrat_emploi.pdf,information_employé
facture_EDF_2021.pdf,information_employé
contrat_emploi.pdf,factures_2021
rapport_trimestriel.docx,factures_2021
contrat_emploi.pdf,administration
facture_EDF_2021.pdf,information_employé
rapport_trimestriel.docx,présentations
contrat_emploi.pdf,images
rapport_trimestriel.docx,factures_2021
presentation_vacances.pptx,images
presentation_vacances.pptx,images
contrat_emploi.pdf,administration
rapport_trimestriel.docx,information_employé
facture_EDF_2021.pdf,factures_2021
contrat_emploi.pdf,images
presentation_vacances.pptx,factures_2021
presentation_vacances.pptx,présentations
contrat_emploi.pdf,administration
rapport_trimestriel.docx,présentations
presentation_vacances.pptx,factures_2021
rapport_trimestriel.docx,factures_2021
presentation_vacances.pptx,information_employé
presentation_vacances.pptx,images
image_vacances.jpg,images
presentation_vacances.pptx,présentations
facture_EDF_2021.pdf,administration
contrat_emploi.pdf,images
contrat_emploi.pdf,information_employé
rapport_trimestriel.docx,présentations
presentation_vacances.pptx,présentations
facture_EDF_2021.pdf,information_employé
rapport_trimestriel.docx,administration
image_vacances.jpg,information_employé
rapport_trimestriel.docx,administration
rapport_trimestriel.docx,information_employé
presentation_vacances.pptx,information_employé
image_vacances.jpg,factures_2021
rapport_trimestriel.docx,présentations
facture_EDF_2021.pdf,information_employé
facture_EDF_2021.pdf,information_employé
contrat_emploi.pdf,images
image_vacances.jpg,présentations
image_vacances.jpg,images
contrat_emploi.pdf,présentations
rapport_trimestriel.docx,images
image_vacances.jpg,information_employé
facture_EDF_2021.pdf,information_employé
facture_EDF_2021.pdf,factures_2021
presentation_vacances.pptx,images
image_vacances.jpg,administration
rapport_trimestriel.docx,factures_2021
contrat_emploi.pdf,images
contrat_emploi.pdf,images
rapport_trimestriel.docx,factures_2021
presentation_vacances.pptx,information_employé
contrat_emploi.pdf,images
image_vacances.jpg,information_employé
presentation_vacances.pptx,factures_2021
image_vacances.jpg,information_employé
facture_EDF_2021.pdf,présentations
presentation_vacances.pptx,administration
contrat_emploi.pdf,images
presentation_vacances.pptx,administration
presentation_vacances.pptx,information_employé
presentation_vacances.pptx,images
presentation_vacances.pptx,information_employé
image_vacances.jpg,présentations
facture_EDF_2021.pdf,factures_2021
rapport_trimestriel.docx,images
presentation_vacances.pptx,présentations
contrat_emploi.pdf,présentations
presentation_vacances.pptx,images
contrat_emploi.pdf,information_employé
image_vacances.jpg,présentations
contrat_emploi.pdf,administration
rapport_trimestriel.docx,présentations
facture_EDF_2021.pdf,information_employé
contrat_emploi.pdf,information_employé
contrat_emploi.pdf,administration
facture_EDF_2021.pdf,présentations
rapport_trimestriel.docx,information_employé
presentation_vacances.pptx,images
contrat_emploi.pdf,factures_2021
facture_EDF_2021.pdf,factures_2021
image_vacances.jpg,factures_2021
facture_EDF_2021.pdf,présentations
image_vacances.jpg,administration
rapport_trimestriel.docx,information_employé
presentation_vacances.pptx,images
facture_EDF_2021.pdf,images
contrat_emploi.pdf,présentations
rapport_trimestriel.docx,factures_2021
facture_EDF_2021.pdf,présentations
contrat_emploi.pdf,administration
facture_EDF_2021.pdf,administration
image_vacances.jpg,information_employé
facture_EDF_2021.pdf,information_employé
facture_EDF_2021.pdf,administration
facture_EDF_2021.pdf,administration
rapport_trimestriel.docx,administration
facture_EDF_2021.pdf,présentations
contrat_emploi.pdf,administration
image_vacances.jpg,images
image_vacances.jpg,factures_2021
facture_EDF_2021.pdf,administration
rapport_trimestriel.docx,factures_2021
rapport_trimestriel.docx,présentations
contrat_emploi.pdf,factures_2021
facture_EDF_2021.pdf,présentations
image_vacances.jpg,images
rapport_trimestriel.docx,présentations
facture_EDF_2021.pdf,présentations
rapport_trimestriel.docx,information_employé
rapport_trimestriel.docx,administration
image_vacances.jpg,administration
presentation_vacances.pptx,images
contrat_emploi.pdf,images
contrat_emploi.pdf,administration
image_vacances.jpg,information_employé
rapport_trimestriel.docx,administration
facture_EDF_2021.pdf,information_employé
rapport_trimestriel.docx,images
image_vacances.jpg,factures_2021
contrat_emploi.pdf,images
rapport_trimestriel.docx,images
contrat_emploi.pdf,présentations
facture_EDF_2021.pdf,présentations
contrat_emploi.pdf,présentations
contrat_emploi.pdf,présentations
presentation_vacances.pptx,information_employé
presentation_vacances.pptx,administration
presentation_vacances.pptx,factures_2021
contrat_emploi.pdf,images
image_vacances.jpg,information_employé
contrat_emploi.pdf,factures_2021
image_vacances.jpg,information_employé
image_vacances.jpg,information_employé
presentation_vacances.pptx,images
rapport_trimestriel.docx,administration
facture_EDF_2021.pdf,présentations
presentation_vacances.pptx,administration
presentation_vacances.pptx,images
rapport_trimestriel.docx,images
facture_EDF_2021.pdf,images
contrat_emploi.pdf,factures_2021
contrat_emploi.pdf,administration
presentation_vacances.pptx,administration
facture_EDF_2021.pdf,information_employé
presentation_vacances.pptx,information_employé
image_vacances.jpg,information_employé
presentation_vacances.pptx,images
presentation_vacances.pptx,administration
contrat_emploi.pdf,images
contrat_emploi.pdf,factures_2021
contrat_emploi.pdf,information_employé
image_vacances.jpg,images
contrat_emploi.pdf,images
facture_EDF_2021.pdf,factures_2021
rapport_trimestriel.docx,présentations
facture_EDF_2021.pdf,administration
facture_EDF_2021.pdf,présentations
contrat_emploi.pdf,information_employé
rapport_trimestriel.docx,images
rapport_trimestriel.docx,factures_2021
rapport_trimestriel.docx,factures_2021
image_vacances.jpg,administration
contrat_emploi.pdf,présentations
rapport_trimestriel.docx,administration
image_vacances.jpg,images
presentation_vacances.pptx,administration
presentation_vacances.pptx,factures_2021
image_vacances.jpg,factures_2021
image_vacances.jpg,information_employé
contrat_emploi.pdf,information_employé
contrat_emploi.pdf,images
presentation_vacances.pptx,présentations
rapport_trimestriel.docx,administration
presentation_vacances.pptx,images
rapport_trimestriel.docx,information_employé
rapport_trimestriel.docx,administration
contrat_emploi.pdf,information_employé
facture_EDF_2021.pdf,administration
facture_EDF_2021.pdf,présentations
image_vacances.jpg,images
contrat_emploi.pdf,administration
rapport_trimestriel.docx,factures_2021
facture_EDF_2021.pdf,factures_2021
rapport_trimestriel.docx,administration
facture_EDF_2021.pdf,administration
facture_EDF_2021.pdf,administration
facture_EDF_2021.pdf,factures_2021
contrat_emploi.pdf,factures_2021
presentation_vacances.pptx,administration
rapport_trimestriel.docx,information_employé
contrat_emploi.pdf,information_employé
contrat_emploi.pdf,présentations
contrat_emploi.pdf,images
contrat_emploi.pdf,information_employé
contrat_emploi.pdf,factures_2021
image_vacances.jpg,information_employé
rapport_trimestriel.docx,présentations
contrat_emploi.pdf,présentations
rapport_trimestriel.docx,images
image_vacances.jpg,information_employé
image_vacances.jpg,factures_2021
rapport_trimestriel.docx,factures_2021
facture_EDF_2021.pdf,administration
presentation_vacances.pptx,factures_2021
facture_EDF_2021.pdf,images
facture_EDF_2021.pdf,images
facture_EDF_2021.pdf,factures_2021
contrat_emploi.pdf,factures_2021
image_vacances.jpg,administration
facture_EDF_2021.pdf,factures_2021
image_vacances.jpg,administration
rapport_trimestriel.docx,administration
presentation_vacances.pptx,factures_2021
rapport_trimestriel.docx,présentations
rapport_trimestriel.docx,présentations
contrat_emploi.pdf,administration
presentation_vacances.pptx,factures_2021
rapport_trimestriel.docx,présentations
rapport_trimestriel.docx,factures_2021
presentation_vacances.pptx,factures_2021
presentation_vacances.pptx,factures_2021
rapport_trimestriel.docx,information_employé
presentation_vacances.pptx,factures_2021
rapport_trimestriel.docx,information_employé
rapport_trimestriel.docx,administration
contrat_emploi.pdf,présentations
facture_EDF_2021.pdf,présentations
rapport_trimestriel.docx,présentations
image_vacances.jpg,présentations
facture_EDF_2021.pdf,présentations
facture_EDF_2021.pdf,présentations
facture_EDF_2021.pdf,présentations
contrat_emploi.pdf,administration
rapport_trimestriel.docx,factures_2021
contrat_emploi.pdf,images
rapport_trimestriel.docx,information_employé
contrat_emploi.pdf,images
contrat_emploi.pdf,images
image_vacances.jpg,factures_2021
contrat_emploi.pdf,factures_2021
presentation_vacances.pptx,factures_2021
image_vacances.jpg,présentations
contrat_emploi.pdf,administration
facture_EDF_2021.pdf,présentations
presentation_vacances.pptx,administration
presentation_vacances.pptx,administration
presentation_vacances.pptx,images
image_vacances.jpg,images
contrat_emploi.pdf,administration
contrat_emploi.pdf,administration
facture_EDF_2021.pdf,présentations
facture_EDF_2021.pdf,présentations
presentation_vacances.pptx,images
facture_EDF_2021.pdf,factures_2021
image_vacances.jpg,administration
contrat_emploi.pdf,présentations
presentation_vacances.pptx,images
facture_EDF_2021.pdf,présentations
image_vacances.jpg,administration
image_vacances.jpg,administration
facture_EDF_2021.pdf,information_employé
contrat_emploi.pdf,factures_2021
facture_EDF_2021.pdf,information_employé
presentation_vacances.pptx,images
facture_EDF_2021.pdf,présentations
image_vacances.jpg,images
facture_EDF_2021.pdf,administration
contrat_emploi.pdf,information_employé
rapport_trimestriel.docx,information_employé
facture_EDF_2021.pdf,information_employé
contrat_emploi.pdf,images
contrat_emploi.pdf,administration
image_vacances.jpg,présentations
contrat_emploi.pdf,présentations
contrat_emploi.pdf,images
contrat_emploi.pdf,information_employé
contrat_emploi.pdf,factures_2021
presentation_vacances.pptx,images
presentation_vacances.pptx,images
image_vacances.jpg,administration
facture_EDF_2021.pdf,présentations
contrat_emploi.pdf,images
facture_EDF_2021.pdf,images
facture_EDF_2021.pdf,information_employé
image_vacances.jpg,information_employé
contrat_emploi.pdf,factures_2021
contrat_emploi.pdf,administration
rapport_trimestriel.docx,factures_2021
facture_EDF_2021.pdf,information_employé
facture_EDF_2021.pdf,présentations
presentation_vacances.pptx,information_employé
rapport_trimestriel.docx,administration
presentation_vacances.pptx,information_employé
presentation_vacances.pptx,administration
presentation_vacances.pptx,administration
image_vacances.jpg,administration
image_vacances.jpg,administration
presentation_vacances.pptx,administration
rapport_trimestriel.docx,présentations
facture_EDF_2021.pdf,factures_2021
rapport_trimestriel.docx,images
contrat_emploi.pdf,factures_2021
image_vacances.jpg,administration
facture_EDF_2021.pdf,présentations
facture_EDF_2021.pdf,information_employé
contrat_emploi.pdf,présentations
contrat_emploi.pdf,administration
presentation_vacances.pptx,présentations
image_vacances.jpg,présentations
image_vacances.jpg,administration
rapport_trimestriel.docx,présentations
presentation_vacances.pptx,images
presentation_vacances.pptx,images
presentation_vacances.pptx,présentations
presentation_vacances.pptx,information_employé
image_vacances.jpg,administration
image_vacances.jpg,images
presentation_vacances.pptx,information_employé
rapport_trimestriel.docx,présentations
facture_EDF_2021.pdf,information_employé
facture_EDF_2021.pdf,factures_2021
rapport_trimestriel.docx,images
presentation_vacances.pptx,présentations
image_vacances.jpg,administration
facture_EDF_2021.pdf,présentations
contrat_emploi.pdf,administration
contrat_emploi.pdf,présentations
rapport_trimestriel.docx,information_employé
presentation_vacances.pptx,information_employé
facture_EDF_2021.pdf,information_employé
presentation_vacances.pptx,factures_2021
facture_EDF_2021.pdf,administration
rapport_trimestriel.docx,information_employé
rapport_trimestriel.docx,factures_2021
contrat_emploi.pdf,administration
presentation_vacances.pptx,présentations
contrat_emploi.pdf,factures_2021
presentation_vacances.pptx,images
contrat_emploi.pdf,factures_2021
image_vacances.jpg,factures_2021
image_vacances.jpg,administration
image_vacances.jpg,présentations
image_vacances.jpg,images
facture_EDF_2021.pdf,information_employé
image_vacances.jpg,information_employé
rapport_trimestriel.docx,factures_2021
rapport_trimestriel.docx,administration
facture_EDF_2021.pdf,administration
image_vacances.jpg,information_employé
image_vacances.jpg,images
image_vacances.jpg,présentations
contrat_emploi.pdf,images
presentation_vacances.pptx,présentations
contrat_emploi.pdf,information_employé
presentation_vacances.pptx,présentations
image_vacances.jpg,administration
image_vacances.jpg,factures_2021
contrat_emploi.pdf,factures_2021
contrat_emploi.pdf,information_employé
presentation_vacances.pptx,administration
rapport_trimestriel.docx,images
presentation_vacances.pptx,administration
contrat_emploi.pdf,factures_2021
contrat_emploi.pdf,factures_2021
facture_EDF_2021.pdf,administration
contrat_emploi.pdf,administration
facture_EDF_2021.pdf,factures_2021
rapport_trimestriel.docx,images
presentation_vacances.pptx,information_employé
presentation_vacances.pptx,information_employé
facture_EDF_2021.pdf,administration
presentation_vacances.pptx,information_employé
contrat_emploi.pdf,factures_2021
image_vacances.jpg,factures_2021
facture_EDF_2021.pdf,administration
presentation_vacances.pptx,administration
facture_EDF_2021.pdf,administration
facture_EDF_2021.pdf,images
image_vacances.jpg,information_employé
contrat_emploi.pdf,administration
facture_EDF_2021.pdf,présentations
presentation_vacances.pptx,présentations
rapport_trimestriel.docx,factures_2021
facture_EDF_2021.pdf,information_employé
facture_EDF_2021.pdf,administration
image_vacances.jpg,présentations
contrat_emploi.pdf,information_employé
rapport_trimestriel.docx,factures_2021
presentation_vacances.pptx,images
rapport_trimestriel.docx,information_employé
presentation_vacances.pptx,information_employé
contrat_emploi.pdf,images
presentation_vacances.pptx,information_employé
image_vacances.jpg,factures_2021
image_vacances.jpg,factures_2021
image_vacances.jpg,images
image_vacances.jpg,administration
rapport_trimestriel.docx,présentations
contrat_emploi.pdf,administration
presentation_vacances.pptx,information_employé
presentation_vacances.pptx,présentations
image_vacances.jpg,images
image_vacances.jpg,images
facture_EDF_2021.pdf,présentations
contrat_emploi.pdf,factures_2021
rapport_trimestriel.docx,présentations
presentation_vacances.pptx,information_employé
facture_EDF_2021.pdf,factures_2021
facture_EDF_2021.pdf,images
presentation_vacances.pptx,présentations
rapport_trimestriel.docx,administration
facture_EDF_2021.pdf,administration
facture_EDF_2021.pdf,information_employé
contrat_emploi.pdf,administration
rapport_trimestriel.docx,présentations
facture_EDF_2021.pdf,présentations
rapport_trimestriel.docx,administration
presentation_vacances.pptx,présentations
image_vacances.jpg,information_employé
facture_EDF_2021.pdf,factures_2021
contrat_emploi.pdf,information_employé
presentation_vacances.pptx,information_employé
rapport_trimestriel.docx,présentations
presentation_vacances.pptx,factures_2021
facture_EDF_2021.pdf,présentations
rapport_trimestriel.docx,images
image_vacances.jpg,présentations
presentation_vacances.pptx,présentations
facture_EDF_2021.pdf,présentations
contrat_emploi.pdf,factures_2021
rapport_trimestriel.docx,présentations
presentation_vacances.pptx,factures_2021
presentation_vacances.pptx,administration
image_vacances.jpg,images
image_vacances.jpg,factures_2021
contrat_emploi.pdf,administration
contrat_emploi.pdf,factures_2021
facture_EDF_2021.pdf,factures_2021
facture_EDF_2021.pdf,images
contrat_emploi.pdf,information_employé
contrat_emploi.pdf,information_employé
rapport_trimestriel.docx,factures_2021
image_vacances.jpg,présentations
facture_EDF_2021.pdf,administration
image_vacances.jpg,présentations
image_vacances.jpg,présentations
contrat_emploi.pdf,factures_2021
rapport_trimestriel.docx,factures_2021
presentation_vacances.pptx,factures_2021
rapport_trimestriel.docx,factures_2021
rapport_trimestriel.docx,information_employé
image_vacances.jpg,factures_2021
rapport_trimestriel.docx,information_employé
facture_EDF_2021.pdf,information_employé
image_vacances.jpg,factures_2021
facture_EDF_2021.pdf,images
presentation_vacances.pptx,administration
image_vacances.jpg,présentations
presentation_vacances.pptx,information_employé
image_vacances.jpg,administration
contrat_emploi.pdf,images
rapport_trimestriel.docx,présentations
contrat_emploi.pdf,présentations
presentation_vacances.pptx,information_employé
rapport_trimestriel.docx,factures_2021
image_vacances.jpg,images
rapport_trimestriel.docx,information_employé
facture_EDF_2021.pdf,images
rapport_trimestriel.docx,factures_2021
facture_EDF_2021.pdf,factures_2021
rapport_trimestriel.docx,information_employé
facture_EDF_2021.pdf,factures_2021
presentation_vacances.pptx,administration
contrat_emploi.pdf,présentations
image_vacances.jpg,information_employé
rapport_trimestriel.docx,images
contrat_emploi.pdf,administration
image_vacances.jpg,information_employé
image_vacances.jpg,factures_2021
facture_EDF_2021.pdf,factures_2021
presentation_vacances.pptx,factures_2021
presentation_vacances.pptx,factures_2021
contrat_emploi.pdf,images
presentation_vacances.pptx,administration
rapport_trimestriel.docx,présentations
presentation_vacances.pptx,images
contrat_emploi.pdf,images
presentation_vacances.pptx,présentations
rapport_trimestriel.docx,présentations
facture_EDF_2021.pdf,factures_2021
contrat_emploi.pdf,images
facture_EDF_2021.pdf,information_employé
facture_EDF_2021.pdf,présentations
facture_EDF_2021.pdf,présentations
image_vacances.jpg,administration
image_vacances.jpg,information_employé
facture_EDF_2021.pdf,information_employé
contrat_emploi.pdf,présentations
rapport_trimestriel.docx,factures_2021
rapport_trimestriel.docx,administration
presentation_vacances.pptx,information_employé
contrat_emploi.pdf,présentations
image_vacances.jpg,information_employé
facture_EDF_2021.pdf,administration
presentation_vacances.pptx,administration
rapport_trimestriel.docx,images
image_vacances.jpg,présentations
image_vacances.jpg,administration
facture_EDF_2021.pdf,images
rapport_trimestriel.docx,images
contrat_emploi.pdf,information_employé
image_vacances.jpg,information_employé
facture_EDF_2021.pdf,images
contrat_emploi.pdf,information_employé
rapport_trimestriel.docx,administration
image_vacances.jpg,factures_2021
contrat_emploi.pdf,administration
contrat_emploi.pdf,images
contrat_emploi.pdf,images
image_vacances.jpg,administration
image_vacances.jpg,information_employé
presentation_vacances.pptx,information_employé
rapport_trimestriel.docx,images
facture_EDF_2021.pdf,présentations
contrat_emploi.pdf,information_employé
presentation_vacances.pptx,administration
facture_EDF_2021.pdf,information_employé
presentation_vacances.pptx,administration
image_vacances.jpg,images
contrat_emploi.pdf,information_employé
facture_EDF_2021.pdf,administration
facture_EDF_2021.pdf,images
facture_EDF_2021.pdf,présentations
facture_EDF_2021.pdf,administration
facture_EDF_2021.pdf,présentations
presentation_vacances.pptx,présentations
contrat_emploi.pdf,factures_2021
image_vacances.jpg,information_employé
image_vacances.jpg,administration
image_vacances.jpg,présentations
image_vacances.jpg,factures_2021
presentation_vacances.pptx,images
rapport_trimestriel.docx,administration
contrat_emploi.pdf,présentations
facture_EDF_2021.pdf,information_employé
rapport_trimestriel.docx,factures_2021
image_vacances.jpg,présentations
rapport_trimestriel.docx,information_employé
contrat_emploi.pdf,présentations
facture_EDF_2021.pdf,administration
facture_EDF_2021.pdf,administration
contrat_emploi.pdf,administration
contrat_emploi.pdf,factures_2021
image_vacances.jpg,administration
facture_EDF_2021.pdf,information_employé
rapport_trimestriel.docx,présentations
presentation_vacances.pptx,images
presentation_vacances.pptx,information_employé
contrat_emploi.pdf,information_employé
image_vacances.jpg,administration
presentation_vacances.pptx,factures_2021
facture_EDF_2021.pdf,présentations
contrat_emploi.pdf,factures_2021
rapport_trimestriel.docx,présentations
contrat_emploi.pdf,présentations
rapport_trimestriel.docx,factures_2021
contrat_emploi.pdf,information_employé
contrat_emploi.pdf,présentations
contrat_emploi.pdf,factures_2021
rapport_trimestriel.docx,présentations
rapport_trimestriel.docx,images
contrat_emploi.pdf,information_employé
presentation_vacances.pptx,administration
image_vacances.jpg,présentations
image_vacances.jpg,images
image_vacances.jpg,administration
rapport_trimestriel.docx,administration
rapport_trimestriel.docx,présentations
presentation_vacances.pptx,factures_2021
image_vacances.jpg,présentations
image_vacances.jpg,images
contrat_emploi.pdf,administration
rapport_trimestriel.docx,présentations
image_vacances.jpg,factures_2021
presentation_vacances.pptx,présentations
presentation_vacances.pptx,information_employé
image_vacances.jpg,factures_2021
rapport_trimestriel.docx,images
presentation_vacances.pptx,administration
contrat_emploi.pdf,présentations
presentation_vacances.pptx,factures_2021
facture_EDF_2021.pdf,information_employé
facture_EDF_2021.pdf,factures_2021
rapport_trimestriel.docx,information_employé
image_vacances.jpg,images
